[
  {
    "ParameterKey": "VPCCIDR",
    "ParameterValue": "10.0.0.0/16"
  },
  {
    "ParameterKey": "PubSubnetCIDR1",
    "ParameterValue": "10.0.0.0/24"
  },
  {
    "ParameterKey": "PubSubnetCIDR2",
    "ParameterValue": "10.0.1.0/24"
  },
  {
    "ParameterKey": "PrivSubnetCIDR1",
    "ParameterValue": "10.0.2.0/24"
  },
  {
    "ParameterKey": "PrivSubnetCIDR2",
    "ParameterValue": "10.0.3.0/24"
  },
  {
    "ParameterKey": "EnvironmentName",
    "ParameterValue": "Network"
  }
]